,group,meanPAD,sdPAD
0,<25,,
1,25-30,,
2,30-35,,
3,35-45,5.395739621007994,6.813129732715651
4,45-55,5.071774098552917,9.990178078962678
5,55-65,0.3299868312547463,10.25084126726893
6,>=65,-2.9664791742254732,6.985932352221965
