,group,meanPAD,sdPAD
0,<25,5.076239528256395,5.9103628297874025
1,25-30,0.8731313892150127,5.482850732654859
2,30-35,-3.605742072576435,4.830328094944574
3,35-45,-9.086583254926252,6.815590865937443
4,45-55,,
5,55-65,,
6,>=65,,
